Country Name,Country Code,Indicator Name,1998,1999,2000,2001,2002,2003,2004,2005,2006,2007,2008,2009,2010,2011,2012,2013,2014,2015,2016,2017,2018,2019,2020,2021
Aruba,ABW,"International tourism, expenditures (current US$)",79000000,128000000,161000000,140000000,151000000,163000000,156000000,172000000,213000000,248000000,250000000,241000000,270000000,272000000,264000000,261000000,287000000,294000000,342000000,351000000,359000000,332000000,362000000,358000000
Afghanistan,AFG,"International tourism, expenditures (current US$)",,,,,,,,,,,,,,28000000,70000000,106000000,255000000,110000000,138000000,140000000,151000000,89000000,130000000,226000000
Angola,AGO,"International tourism, expenditures (current US$)",113000000,110000000,125000000,96000000,142000000,146000000,80000000,52000000,49000000,86000000,135000000,393000000,473000000,447000000,270000000,275000000,323000000,288000000,316000000,505000000,389000000,823000000,1216000000,762000000
Albania,ALB,"International tourism, expenditures (current US$)",19000000,25000000,13000000,22000000,35000000,290000000,269000000,386000000,507000000,669000000,808000000,989000000,1331000000,1644000000,1692000000,1452000000,1677000000,1374000000,1567000000,1689000000,1311000000,1338000000,1473000000,1750000000
Andorra,AND,"International tourism, expenditures (current US$)",,,,,,,,,,,,,,,,,,,,,,,,
Arab World,ARB,"International tourism, expenditures (current US$)",,,,,,,,23222760616,21794219042,24155718640,33469992554,43980882990,58354235638,58860278756,60110447816,65421974653,69398949596,76367594532,82441703811,92674938749,94058239130,91176828190,95771662433,95604213053
United Arab Emirates,ARE,"International tourism, expenditures (current US$)",,,,,,3019000000,3321000000,3651000000,3956000000,4472000000,6186000000,8827000000,11273000000,13288000000,10347000000,11818000000,13206000000,15072000000,16188000000,15848000000,16637000000,17127000000,17645000000,17999000000
Argentina,ARG,"International tourism, expenditures (current US$)",4013000000,4449000000,4973000000,5282000000,5228000000,5460000000,4888000000,2744000000,2997000000,3208000000,3554000000,4047000000,5077000000,5987000000,5808000000,6448000000,7602000000,8466000000,8421000000,7837000000,9348000000,12273000000,14175000000,13092000000
Armenia,ARM,"International tourism, expenditures (current US$)",12000000,26000000,45000000,55000000,51000000,56000000,59000000,85000000,97000000,199000000,255000000,300000000,430000000,494000000,496000000,641000000,756000000,874000000,1007000000,1101000000,1057000000,1119000000,1325000000,1458000000
American Samoa,ASM,"International tourism, expenditures (current US$)",,,,,,,,,,,,,,,,,,,,,,,,
Antigua and Barbuda,ATG,"International tourism, expenditures (current US$)",23000000,26000000,27000000,29000000,30000000,31000000,32000000,33000000,35000000,38000000,40000000,45000000,52000000,58000000,54000000,51000000,49000000,49000000,50000000,89000000,95000000,101000000,106000000,113000000
Australia,AUS,"International tourism, expenditures (current US$)",7605000000,8545000000,8880000000,8307000000,8798000000,9065000000,8184000000,8640000000,10434000000,14702000000,16153000000,17293000000,22052000000,25557000000,22680000000,27851000000,33967000000,35226000000,35197000000,35666000000,34071000000,35718000000,39710000000,42351000000
Austria,AUT,"International tourism, expenditures (current US$)",11686000000,11777000000,10672000000,10399000000,7517000000,7001000000,7408000000,7743000000,9761000000,10812000000,11077000000,9628000000,10559000000,11438000000,10826000000,10120000000,10556000000,9987000000,10253000000,11095000000,11337000000,11634000000,12878000000,14256000000
Azerbaijan,AZE,"International tourism, expenditures (current US$)",165000000,115000000,193000000,181000000,149000000,138000000,119000000,110000000,120000000,140000000,188000000,256000000,381000000,456000000,488000000,856000000,1778000000,2617000000,3032000000,3163000000,2743000000,2593000000,2803000000,2453000000
Burundi,BDI,"International tourism, expenditures (current US$)",25000000,12000000,4000000,3000000,2000000,14000000,12000000,14000000,15000000,29000000,62000000,126000000,106000000,151000000,71000000,35000000,49000000,25000000,34000000,38000000,29000000,28000000,24000000,23000000
Belgium,BEL,"International tourism, expenditures (current US$)",8115000000,8591000000,7895000000,8311000000,9775000000,9429000000,10878000000,11270000000,13402000000,15456000000,16771000000,17891000000,19211000000,19523000000,20813000000,20884000000,22836000000,22357000000,24507000000,26444000000,15856000000,16522000000,17835000000,20830000000
Benin,BEN,"International tourism, expenditures (current US$)",48000000,51000000,34000000,32000000,63000000,50000000,48000000,49000000,53000000,59000000,58000000,71000000,107000000,102000000,88000000,91000000,81000000,96000000,39500000,54200000,141000000,87000000,148000000,
Burkina Faso,BFA,"International tourism, expenditures (current US$)",,,,,,30000000,35000000,36000000,50000000,67000000,74000000,84000000,93000000,110000000,111000000,110000000,129000000,146000000,215000000,176000000,160000000,176000000,181000000,
Bangladesh,BGD,"International tourism, expenditures (current US$)",234000000,251000000,314000000,294000000,375000000,471000000,341000000,309000000,389000000,442000000,371000000,481000000,530000000,735000000,651000000,835000000,819000000,889000000,1308000000,782000000,827000000,843000000,1127000000,1208000000
Bulgaria,BGR,"International tourism, expenditures (current US$)",312000000,314000000,355000000,654000000,747000000,764000000,836000000,1018000000,1467000000,1935000000,1858000000,2099000000,2142000000,2602000000,1955000000,975000000,1063000000,1096000000,1342000000,1459000000,1346000000,1636000000,2047000000,2247000000
Bahrain,BHR,"International tourism, expenditures (current US$)",320000000,298000000,318000000,327000000,395000000,425000000,423000000,550000000,492000000,528000000,574000000,639000000,671000000,704000000,597000000,684000000,899000000,975000000,1001000000,758000000,4939000000,1921000000,4896000000,4023000000
"Bahamas, The",BHS,"International tourism, expenditures (current US$)",241000000,279000000,310000000,310000000,310000000,348000000,342000000,338000000,404000000,469000000,528000000,541000000,538000000,460000000,386000000,369000000,347000000,384000000,362000000,328000000,347000000,440000000,554000000,536000000
Bosnia and Herzegovina,BIH,"International tourism, expenditures (current US$)",,,,97000000,101000000,92000000,96000000,112000000,145000000,162000000,158000000,210000000,264000000,345000000,285000000,247000000,214000000,196000000,198000000,205000000,278000000,290000000,346000000,366000000
Belarus,BLR,"International tourism, expenditures (current US$)",101000000,142000000,122000000,138000000,133000000,247000000,486000000,527000000,436000000,500000000,516000000,675000000,724000000,860000000,752000000,748000000,729000000,948000000,1333000000,1308000000,997000000,891000000,1082000000,1159000000
Belize,BLZ,"International tourism, expenditures (current US$)",33000000,38000000,30000000,33000000,39000000,44000000,45000000,48000000,50000000,47000000,45000000,43000000,46000000,44000000,43000000,39000000,37000000,39000000,42000000,51000000,50000000,55000000,53000000,50000000
Bermuda,BMU,"International tourism, expenditures (current US$)",,,,,,,,243000000,248000000,217000000,239000000,394000000,453000000,459000000,407000000,417000000,326000000,327000000,322000000,378000000,363000000,373000000,369000000,340000000
Bolivia,BOL,"International tourism, expenditures (current US$)",72000000,87000000,96000000,98000000,117000000,116000000,114000000,114000000,197000000,232000000,257000000,360000000,385000000,381000000,388000000,421000000,410000000,502000000,660000000,953000000,849000000,960000000,1034000000,1081000000
Brazil,BRA,"International tourism, expenditures (current US$)",3982000000,4988000000,6208000000,6019000000,3551000000,4548000000,3765000000,2929000000,2874000000,3752000000,5905000000,7501000000,10434000000,13269000000,12897000000,18883000000,24608000000,26008000000,29286000000,29998000000,20356000000,17068000000,22991000000,22229000000
Barbados,BRB,"International tourism, expenditures (current US$)",110000000,114000000,120000000,126000000,132000000,141000000,149000000,146000000,153000000,163000000,274000000,284000000,290000000,279000000,293000000,351000000,124000000,84000000,78000000,,,,,
Brunei Darussalam,BRN,"International tourism, expenditures (current US$)",,,,,,,456000000,398000000,469000000,382000000,374000000,408000000,430000000,459000000,477000000,,,591000000,624000000,616000000,459000000,499000000,504000000,585000000
Bhutan,BTN,"International tourism, expenditures (current US$)",,,,,,,,,,,,22000000,26000000,65000000,34000000,43000000,58000000,69000000,67000000,42600000,44000000,52000000,63000000,79000000
Botswana,BWA,"International tourism, expenditures (current US$)",153000000,92000000,104000000,138000000,155000000,209000000,215000000,197000000,235000000,280000000,283000000,280000000,282300000,229700000,232400000,298500000,316480000,332000000,262200000,277000000,256400000,237100000,253300000,269200000
Central African Republic,CAF,"International tourism, expenditures (current US$)",43000000,44000000,51000000,44000000,33000000,33000000,29000000,29000000,31000000,32000000,46000000,47000000,54000000,56000000,61000000,67000000,68000000,69000000,69800000,,,,,
Canada,CAN,"International tourism, expenditures (current US$)",12658000000,13815000000,14151000000,13384000000,13999000000,15125000000,14634000000,14257000000,16309000000,19267000000,22739000000,26067000000,31099000000,33843000000,30225000000,37225000000,41247000000,35032000000,35158000000,34444000000,30271000000,28936000000,31811000000,33581000000
Central Europe and the Baltics,CEB,"International tourism, expenditures (current US$)",11718000000,14321000000,13173000000,11670000000,10766000000,9940000000,10491000000,11825000000,13623000000,17138000000,19002000000,21864000000,26266000000,33641000000,26785000000,26001000000,27690000000,26526000000,27898000000,29734000000,26619000000,28288000000,33139000000,37236000000
Switzerland,CHE,"International tourism, expenditures (current US$)",9478000000,9798000000,8944000000,8754000000,7646000000,7360000000,7085000000,7210000000,8614000000,9924000000,10548000000,11134000000,12236000000,13282000000,12990000000,13460000000,16483000000,17980000000,19093000000,19940000000,18762000000,18806000000,20277000000,20722000000
Channel Islands,CHI,"International tourism, expenditures (current US$)",,,,,,,,,,,,,,,,,,,,,,,,
Chile,CHL,"International tourism, expenditures (current US$)",934000000,977000000,1132000000,1174000000,1032000000,904000000,939000000,932000000,1109000000,1251000000,1114000000,1238000000,1408000000,1386000000,1511000000,1736000000,2085000000,2400000000,2499000000,2707000000,2518000000,2733000000,3063000000,3086000000
China,CHN,"International tourism, expenditures (current US$)",3688000000,4474000000,9220000000,9943000000,11621000000,14169000000,14992000000,16759000000,16716000000,21360000000,21759000000,24322000000,29786000000,36157000000,43702000000,54880000000,72585000000,1.02E+11,1.29E+11,2.27E+11,2.50E+11,2.50E+11,2.58E+11,2.77E+11
Cote d'Ivoire,CIV,"International tourism, expenditures (current US$)",312000000,347000000,317000000,331000000,337000000,291000000,289000000,490000000,551000000,571000000,549000000,583000000,606000000,612000000,589000000,569000000,580000000,560000000,583000000,625000000,560000000,491000000,563000000,
Cameroon,CMR,"International tourism, expenditures (current US$)",140000000,155000000,175000000,210000000,192000000,241000000,199000000,205000000,272000000,394000000,480000000,521000000,466000000,563000000,476000000,265000000,622000000,668000000,795000000,830000000,742000000,818000000,845000000,915000000
"Congo, Dem. Rep.",COD,"International tourism, expenditures (current US$)",,,,,,,,,,,54000000,93000000,109000000,127000000,121000000,150000000,298000000,108000000,170000000,283000000,127000000,60000000,68000000,115000000
"Congo, Rep.",COG,"International tourism, expenditures (current US$)",69000000,86000000,68000000,69000000,71000000,59000000,82000000,85000000,118000000,176000000,112000000,132000000,157000000,217000000,549000000,312000000,327000000,308000000,360000000,435000000,557000000,457000000,,
Colombia,COL,"International tourism, expenditures (current US$)",1162000000,1431000000,1560000000,1455000000,1339000000,1452000000,1556000000,1355000000,1349000000,1543000000,1934000000,2157000000,2460000000,2775000000,2801000000,3188000000,3631000000,4363000000,4485000000,5175000000,4820000000,4825000000,5135000000,5625000000
Comoros,COM,"International tourism, expenditures (current US$)",15000000,,,,,,,,7900000,9400000,19100000,23600000,28300000,31100000,30000000,33200000,37400000,36300000,,40000000,34000000,38000000,42000000,45000000
Cabo Verde,CPV,"International tourism, expenditures (current US$)",20000000,24000000,25000000,32000000,47000000,41000000,55000000,63000000,89000000,93000000,82000000,106000000,123000000,143000000,145000000,138000000,142000000,135000000,127000000,115000000,109000000,79000000,93000000,97000000
Costa Rica,CRI,"International tourism, expenditures (current US$)",336000000,357000000,401000000,466000000,509000000,545000000,430000000,427000000,484000000,530000000,591000000,647000000,825000000,753000000,500000000,629000000,620000000,647000000,649000000,657000000,898000000,1055000000,1173000000,1162000000
Caribbean small states,CSS,"International tourism, expenditures (current US$)",767000000,893000000,954000000,990000000,1067000000,1205000000,1160000000,1214000000,1226000000,1370000000,1630000000,1551000000,1608000000,1442000000,1353000000,1355000000,1183100000,1433700000,1296100000,1579026681,1724799360,1805665955,1874828175,1915261473
Cuba,CUB,"International tourism, expenditures (current US$)",,,,,,,,,,,,,,,,,,,,,,,,
Curacao,CUW,"International tourism, expenditures (current US$)",,,,,,,,137000000,176000000,195000000,164000000,191000000,223000000,229000000,258000000,282000000,321000000,357000000,377000000,383000000,418000000,428000000,457000000,535000000
Cayman Islands,CYM,"International tourism, expenditures (current US$)",,,,,,,,,,,,164000000,132000000,130000000,120000000,129000000,145000000,183000000,192000000,168000000,191000000,174000000,,
Cyprus,CYP,"International tourism, expenditures (current US$)",473482100,500428500,511000000,536000000,560000000,543000000,568000000,582000000,700293900,906639800,1001000000,1031161000,1553829000,1968000000,1742000000,1320000000,1366000000,1318000000,1254000000,1343000000,1453000000,1559318000,1366000000,1551000000
Czech Republic,CZE,"International tourism, expenditures (current US$)",1635000000,2960000000,2355000000,1908000000,1493000000,1276000000,1386000000,1797000000,2177000000,2682000000,2603000000,2874000000,3895000000,5029000000,4336000000,4354000000,4876000000,4556000000,4698000000,5173000000,4819000000,4963000000,5533000000,6074000000
Germany,DEU,"International tourism, expenditures (current US$)",66527000000,64725000000,59000000000,60253000000,61215000000,57607000000,56437000000,59550000000,72839000000,80321000000,84513000000,85717000000,96170000000,1.06E+11,92899000000,90866000000,99909000000,96196000000,1.03E+11,1.02E+11,85334000000,87414000000,97777000000,1.04E+11
Djibouti,DJI,"International tourism, expenditures (current US$)",16300000,17300000,17100000,15900000,11600000,14800000,12900000,7700000,9900000,14000000,14400000,15000000,14200000,15500000,17500000,20500000,33500000,29600000,30900000,34200000,35100000,35100000,39700000,22300000
Dominica,DMA,"International tourism, expenditures (current US$)",6000000,7000000,7000000,8000000,9000000,9000000,9000000,9000000,9000000,9000000,10000000,10000000,11000000,11000000,13000000,13000000,12000000,12000000,13000000,39000000,34000000,33000000,30000000,30000000
Denmark,DNK,"International tourism, expenditures (current US$)",4288000000,4140000000,4194000000,4577000000,4899000000,4669000000,4861000000,5838000000,6659000000,7279000000,6850000000,7486000000,8830000000,9698000000,8968000000,9082000000,9840000000,9600000000,10072000000,10443000000,8918000000,9174000000,9804000000,10485000000
Dominican Republic,DOM,"International tourism, expenditures (current US$)",267000000,313000000,339000000,380000000,391000000,440000000,425000000,429000000,408000000,448000000,511000000,495000000,531000000,532000000,523000000,662000000,689000000,690000000,679000000,717000000,803000000,882000000,940000000,957000000
Algeria,DZA,"International tourism, expenditures (current US$)",186000000,188000000,144000000,269000000,251000000,193000000,194000000,248000000,255000000,341000000,660000000,414000000,502000000,613000000,574000000,716000000,595000000,598000000,531000000,679000000,762000000,556000000,632000000,
East Asia & Pacific (excluding high income),EAP,"International tourism, expenditures (current US$)",14556311944,16662917176,21354733748,19245928030,21794068272,25929141087,28038158460,32081284596,30920363642,38130849630,40640863542,45950496878,55315321703,66024947581,69870893238,88553774169,1.10E+11,1.44E+11,1.74E+11,2.77E+11,3.00E+11,3.02E+11,3.15E+11,3.40E+11
Early-demographic dividend,EAR,"International tourism, expenditures (current US$)",31431806156,35138530459,37840593734,39474777668,41383483541,47361206770,48540464509,52036917244,51341703135,57679281410,71767542706,80633605692,1.01E+11,1.07E+11,1.05E+11,1.19E+11,1.22E+11,1.24E+11,1.33E+11,1.45E+11,1.48E+11,1.48E+11,1.64E+11,1.69E+11
East Asia & Pacific,EAS,"International tourism, expenditures (current US$)",1.04E+11,1.09E+11,1.09E+11,94690028741,1.06E+11,1.15E+11,1.10E+11,1.19E+11,1.19E+11,1.50E+11,1.59E+11,1.61E+11,1.83E+11,2.00E+11,1.88E+11,2.28E+11,2.63E+11,3.05E+11,3.32E+11,4.38E+11,4.55E+11,4.67E+11,4.92E+11,5.25E+11
Europe & Central Asia (excluding high income),ECA,"International tourism, expenditures (current US$)",14446845387,13446339273,14391923925,13443097527,11354708704,13963642412,15633939518,18133175894,21177264269,27328700949,31052704989,33141002691,40670477215,47382436063,42945320585,50093595789,59819300987,73717229978,88700711595,84492624962,65074797114,54155351797,65237740090,70621947385
Europe & Central Asia,ECS,"International tourism, expenditures (current US$)",2.36E+11,2.44E+11,2.33E+11,2.45E+11,2.54E+11,2.47E+11,2.47E+11,2.68E+11,3.17E+11,3.59E+11,3.82E+11,3.99E+11,4.64E+11,5.01E+11,4.38E+11,4.45E+11,4.88E+11,4.85E+11,5.22E+11,5.42E+11,4.71E+11,4.71E+11,5.18E+11,5.62E+11
Ecuador,ECU,"International tourism, expenditures (current US$)",331000000,313000000,331000000,325000000,385000000,416000000,465000000,507000000,500000000,577000000,644000000,706000000,733000000,790000000,806000000,863000000,917000000,944000000,989000000,990000000,994000000,1034000000,1086000000,1043000000
"Egypt, Arab Rep.",EGY,"International tourism, expenditures (current US$)",1371000000,1382000000,1431000000,1271000000,1218000000,1206000000,1248000000,1309000000,1465000000,1543000000,1932000000,2156000000,2886000000,3390000000,2941000000,2696000000,2575000000,3037000000,3261000000,3486000000,3636000000,4351000000,2419000000,2897000000
Euro area,EMU,"International tourism, expenditures (current US$)",1.55E+11,1.59E+11,1.46E+11,1.53E+11,1.65E+11,1.57E+11,1.56E+11,1.66E+11,2.00E+11,2.19E+11,2.32E+11,2.39E+11,2.75E+11,2.98E+11,2.68E+11,2.63E+11,2.89E+11,2.71E+11,2.88E+11,3.02E+11,2.59E+11,2.69E+11,2.97E+11,3.26E+11
Eritrea,ERI,"International tourism, expenditures (current US$)",,,,,,,,,,,,,,,,,,,,,,,,
Spain,ESP,"International tourism, expenditures (current US$)",5826000000,6332000000,6163000000,7119000000,5908000000,5969000000,6584000000,7372000000,9172000000,12295000000,15169000000,16830000000,19866000000,20543000000,17146000000,16926000000,17387000000,15395000000,16433000000,17976000000,17429000000,18803000000,22346000000,26670000000
Estonia,EST,"International tourism, expenditures (current US$)",121000000,141000000,162000000,197000000,255000000,253000000,253000000,305000000,404000000,486000000,530000000,706000000,804000000,939000000,605000000,633000000,806000000,796000000,1236000000,1346000000,1169000000,1301000000,1399000000,1651000000
Ethiopia,ETH,"International tourism, expenditures (current US$)",30000000,30000000,48000000,51000000,57000000,80000000,50000000,55000000,63000000,59000000,77000000,97000000,107000000,156000000,139000000,143000000,170000000,181000000,214000000,283000000,372000000,461000000,363500000,612700000
European Union,EUU,"International tourism, expenditures (current US$)",1.77E+11,1.83E+11,1.68E+11,1.76E+11,1.88E+11,1.79E+11,1.78E+11,1.90E+11,2.27E+11,2.51E+11,2.65E+11,2.75E+11,3.18E+11,3.48E+11,3.09E+11,3.06E+11,3.34E+11,3.14E+11,3.34E+11,3.51E+11,3.03E+11,3.14E+11,3.50E+11,3.84E+11
Fragile and conflict affected situations,FCS,"International tourism, expenditures (current US$)",,,,,,,,,,,11310709030,15704937947,20546510242,27067524750,23814662955,27507160778,29867149969,31256181020,35159249089,34799851678,35556574951,29046517809,34731953194,42444044025
Finland,FIN,"International tourism, expenditures (current US$)",2853000000,2760000000,2541000000,2565000000,2525000000,2293000000,2442000000,2438000000,2954000000,3383000000,3622000000,4099000000,4812000000,5577000000,5233000000,5269000000,6010000000,5843000000,6387000000,6324000000,5785000000,6198000000,6676000000,7268000000
Fiji,FJI,"International tourism, expenditures (current US$)",82000000,88000000,87000000,67000000,82000000,96000000,84000000,79000000,88000000,118000000,132000000,113000000,106000000,108000000,108000000,102000000,116000000,110000000,105000000,99000000,115000000,119000000,138000000,160000000
France,FRA,"International tourism, expenditures (current US$)",20699000000,22049000000,17490000000,18819000000,31630000000,29016000000,28781000000,30270000000,35807000000,36362000000,38633000000,39319000000,46042000000,50373000000,45087000000,46695000000,55509000000,50068000000,52444000000,58464000000,47713000000,49029000000,52495000000,57925000000
Faroe Islands,FRO,"International tourism, expenditures (current US$)",,,,,,,,,,,,,,,,,,,,,,,,
"Micronesia, Fed. Sts.",FSM,"International tourism, expenditures (current US$)",,,4600000,4800000,4900000,5300000,5400000,5300000,5500000,6700000,6900000,7000000,7000000,7100000,26000000,28000000,27000000,30000000,29000000,29000000,,,,
Gabon,GAB,"International tourism, expenditures (current US$)",182000000,168000000,156000000,158000000,195000000,183000000,256000000,234000000,239000000,275000000,346000000,,328000000,490000000,476000000,560000000,658000000,441000000,,404000000,509000000,346000000,,
United Kingdom,GBR,"International tourism, expenditures (current US$)",30749000000,32298000000,35954000000,41458000000,41514000000,41862000000,42011000000,46860000000,54030000000,63225000000,66166000000,69222000000,79677000000,77910000000,60820000000,60716000000,60608000000,61323000000,60823000000,67042000000,68116000000,67220000000,65177000000,68888000000
Georgia,GEO,"International tourism, expenditures (current US$)",,,171000000,239000000,135000000,129000000,136000000,189000000,170000000,196000000,237000000,257000000,277000000,337000000,311000000,329000000,384000000,471000000,537000000,563000000,609000000,706000000,853000000,960000000
Ghana,GHA,"International tourism, expenditures (current US$)",74000000,59000000,61000000,145000000,151000000,162000000,165000000,184000000,216000000,270000000,472000000,575000000,816000000,870000000,948000000,882000000,1026000000,976000000,982000000,947000000,1405000000,1571000000,1581000000,1329000000
Gibraltar,GIB,"International tourism, expenditures (current US$)",,,,,,,,,,,,,,,,,,,,,,,,
Guinea,GIN,"International tourism, expenditures (current US$)",29000000,37000000,39000000,34000000,29000000,13000000,26000000,38000000,36000000,29000000,38000000,41000000,96000000,30000000,28000000,17000000,49000000,41000000,60500000,28800000,250400000,16300000,102500000,416000000
"Gambia, The",GMB,"International tourism, expenditures (current US$)",16000000,15500000,17000000,,,,,,8000000,6000000,7000000,8000000,13000000,12000000,12000000,14000000,16000000,13000000,10400000,55400000,57400000,76200000,45500000,10400000
Guinea-Bissau,GNB,"International tourism, expenditures (current US$)",5800000,4700000,3500000,,,,5500000,10200000,21300000,22300000,18900000,17800000,40700000,46100000,26000000,29500000,38600000,24500000,27200000,53000000,53000000,33000000,63000000,74600000
Equatorial Guinea,GNQ,"International tourism, expenditures (current US$)",7000000,13000000,7000000,7000000,8000000,19000000,30000000,,,,,,,,,,,,,,,,,
Greece,GRC,"International tourism, expenditures (current US$)",1495000000,1396000000,1537000000,1756000000,4014000000,4564000000,4190000000,2456000000,2441000000,2882000000,3044000000,3005000000,3430000000,3946000000,4122000000,3400000000,3809000000,3005000000,3768000000,4003000000,3535000000,3412000000,3306000000,3910000000
Grenada,GRD,"International tourism, expenditures (current US$)",5000000,5000000,6000000,6000000,7000000,8000000,8000000,8000000,8000000,9000000,10000000,16000000,16000000,11000000,10000000,10000000,10000000,11000000,11000000,34000000,40000000,40000000,38000000,41000000
Greenland,GRL,"International tourism, expenditures (current US$)",,,,,,,,,,,,,,,,,,,,,,,,
Guatemala,GTM,"International tourism, expenditures (current US$)",167000000,163000000,146000000,190000000,216000000,216000000,266000000,329000000,373000000,488000000,532000000,655000000,737000000,740000000,862000000,1002000000,935000000,920000000,952000000,1033000000,1004000000,989000000,1011000000,1121000000
Guam,GUM,"International tourism, expenditures (current US$)",,,,,,,,,,,,,,,,,,,,,,,,
Guyana,GUY,"International tourism, expenditures (current US$)",21000000,65000000,69000000,69000000,82000000,77000000,62000000,44000000,30000000,30000000,40000000,49000000,58000000,52000000,52000000,73000000,79000000,82000000,81000000,77000000,93000000,103000000,94000000,80000000
High income,HIC,"International tourism, expenditures (current US$)",4.02E+11,4.20E+11,4.11E+11,4.19E+11,4.39E+11,4.44E+11,4.30E+11,4.49E+11,5.00E+11,5.80E+11,6.26E+11,6.56E+11,7.49E+11,7.94E+11,6.99E+11,7.38E+11,8.03E+11,8.07E+11,8.32E+11,8.79E+11,8.27E+11,8.55E+11,9.25E+11,9.88E+11
"Hong Kong SAR, China",HKG,"International tourism, expenditures (current US$)",10497000000,11461000000,12678000000,13474000000,13134000000,12502000000,12317000000,12418000000,11447000000,13270000000,13305000000,14044000000,15042000000,16095000000,15547000000,17357000000,19022000000,20077000000,21215000000,22011000000,23059000000,24141000000,25388000000,26498000000
Honduras,HND,"International tourism, expenditures (current US$)",99000000,110000000,115000000,142000000,166000000,198000000,205000000,221000000,274000000,300000000,321000000,425000000,309000000,385000000,361000000,406000000,446000000,549000000,506000000,437000000,454000000,482000000,517000000,519000000
Heavily indebted poor countries (HIPC),HPC,"International tourism, expenditures (current US$)",2420116194,2707743108,2730986970,3015952829,3088018743,3097663718,3106842141,3447843581,3890886673,4514057984,5705429983,7291875273,8183052369,8890835807,8710628303,8583434004,9743928781,9549543569,9764178296,10685307587,11175708100,10897500515,11058783709,11676380901
Croatia,HRV,"International tourism, expenditures (current US$)",422000000,510000000,530000000,600000000,806000000,634000000,677000000,852000000,709000000,881000000,786000000,770000000,1025000000,1167000000,1042000000,861000000,918000000,962000000,923000000,865000000,770000000,954000000,1399000000,1737000000
Haiti,HTI,"International tourism, expenditures (current US$)",35000000,37000000,35000000,,,173000000,168000000,172000000,202000000,206000000,174000000,239000000,331000000,383000000,427000000,431000000,458000000,473000000,418000000,475000000,503000000,503000000,485000000,599000000
Hungary,HUN,"International tourism, expenditures (current US$)",1501000000,1491000000,1511000000,1496000000,1590000000,1722000000,1887000000,2211000000,2700000000,2482000000,2721000000,2319000000,3088000000,3857000000,3251000000,2897000000,3048000000,2457000000,2526000000,2712000000,2456000000,2738000000,3049000000,3280000000
IBRD only,IBD,"International tourism, expenditures (current US$)",63754070684,68017611067,76247235568,72579864109,71550243996,82257353364,86279346093,93567755623,98502060030,1.20E+11,1.36E+11,1.51E+11,1.82E+11,2.13E+11,2.04E+11,2.46E+11,2.90E+11,3.41E+11,3.96E+11,5.03E+11,4.97E+11,4.92E+11,5.34E+11,5.72E+11
IDA & IBRD total,IBT,"International tourism, expenditures (current US$)",68473508207,73761786213,82089193685,78462147135,76584430602,87566225282,91662626616,99187666385,1.06E+11,1.30E+11,1.47E+11,1.67E+11,2.03E+11,2.40E+11,2.25E+11,2.71E+11,3.17E+11,3.69E+11,4.25E+11,5.33E+11,5.29E+11,5.19E+11,5.66E+11,6.11E+11
IDA total,IDA,"International tourism, expenditures (current US$)",,,,,,,,,,,10915702810,16365863221,21388875229,27964003190,21382792218,24811699363,27569884332,27849710417,28399500442,29512852522,31175426405,25674872167,31039258098,38015880175
IDA blend,IDB,"International tourism, expenditures (current US$)",,,,,,,,,,,3630154226,7381452335,10985125326,16072534842,9990857603,12088819414,14454645032,14247752232,14200868001,15026611145,15464268991,10695196397,15000294001,20196253711
Indonesia,IDN,"International tourism, expenditures (current US$)",2172000000,2399000000,2411000000,2102000000,2353000000,3197000000,3406000000,5042000000,4427000000,4569000000,4740000000,5458000000,6578000000,8801000000,6908000000,8432000000,8653000000,9055000000,10280000000,10263000000,9800000000,9932000000,10945000000,11629000000
IDA only,IDX,"International tourism, expenditures (current US$)",3448010012,3734999241,3903707143,4185022231,4400492574,4695454811,4576165117,4965196022,5392476420,6084597890,7264778642,8998554420,10456511798,12004264482,11413731696,12753251843,13159456661,13668838025,14285570922,14558488059,15806548190,15153435363,15847074201,17069244589
Isle of Man,IMN,"International tourism, expenditures (current US$)",,,,,,,,,,,,,,,,,,,,,,,,
India,IND,"International tourism, expenditures (current US$)",996000000,913000000,1342000000,1713000000,2010000000,3686000000,4367000000,4350000000,4385000000,5783000000,8277000000,8738000000,10690000000,12083000000,9310000000,10490000000,13699000000,14107000000,13884000000,17492000000,17686000000,19184000000,21856000000,25790000000
Not classified,INX,"International tourism, expenditures (current US$)",,,,,,,,,,,,,,,,,,,,,,,,
Ireland,IRL,"International tourism, expenditures (current US$)",2034000000,2198000000,2210000000,3015000000,2712000000,2626000000,2956000000,3835000000,4832000000,5291000000,6185000000,6981000000,8784000000,10543000000,7940000000,7176000000,6842000000,5999000000,6222000000,6175000000,5790000000,6217000000,6616000000,7390000000
"Iran, Islamic Rep.",IRN,"International tourism, expenditures (current US$)",247000000,274000000,396000000,155000000,638000000,671000000,714000000,3990000000,4120000000,4402000000,4112000000,5066000000,7335000000,8270000000,8503000000,10570000000,10555000000,8435000000,9464000000,10130000000,9658000000,9893000000,11928000000,
Iraq,IRQ,"International tourism, expenditures (current US$)",117000000,70000000,131000000,14000000,14000000,9000000,31000000,26000000,,,627000000,526000000,705000000,813000000,1221000000,1675000000,1879000000,2363000000,4835000000,6115000000,7934000000,7647000000,8093000000,7855000000
Iceland,ISL,"International tourism, expenditures (current US$)",282000000,312000000,327000000,399000000,440000000,471000000,372000000,373000000,524000000,699000000,991000000,1084000000,1336000000,1103000000,534000000,599000000,740000000,780000000,850000000,972000000,998000000,1268000000,1664000000,1829000000
Israel,ISR,"International tourism, expenditures (current US$)",2626000000,2849000000,2952000000,3233000000,3411000000,3733000000,3887000000,3322000000,3341000000,3663000000,4146000000,4286000000,4921000000,4967000000,4500000000,4683000000,4874000000,5008000000,5757000000,6534000000,7506000000,8210000000,8985000000,9765000000
Italy,ITA,"International tourism, expenditures (current US$)",17201000000,18619000000,19676000000,20539000000,19587000000,18170000000,17002000000,19652000000,23748000000,24076000000,26764000000,27449000000,32748000000,30940000000,27967000000,26902000000,28749000000,26239000000,26948000000,28866000000,30312000000,30584000000,34819000000,37644000000
Jamaica,JAM,"International tourism, expenditures (current US$)",173000000,181000000,205000000,223000000,256000000,238000000,227000000,274000000,269000000,318000000,290000000,315000000,340000000,312000000,259000000,235000000,213000000,418000000,392000000,457000000,413000000,413000000,455000000,503000000
Jordan,JOR,"International tourism, expenditures (current US$)",719000000,630000000,635000000,642000000,536000000,387000000,420000000,504000000,503000000,585000000,653000000,956000000,1024000000,1140000000,1202000000,1736000000,1280000000,1257000000,1206000000,1251000000,1267000000,1367000000,1496000000,1493000000
Japan,JPN,"International tourism, expenditures (current US$)",46966000000,46800000000,41381000000,35334000000,41213000000,42643000000,35526000000,34977000000,36505000000,48175000000,48096000000,37655000000,37258000000,38971000000,34787000000,39306000000,39760000000,40967000000,32244000000,28609000000,23252000000,25968000000,25774000000,28096000000
Kazakhstan,KAZ,"International tourism, expenditures (current US$)",296000000,364000000,494000000,549000000,455000000,483000000,761000000,863000000,783000000,997000000,940000000,1060000000,1396000000,1361000000,1319000000,1489000000,1831000000,3609000000,3772000000,3771000000,3046000000,2580000000,2695000000,2852000000
Kenya,KEN,"International tourism, expenditures (current US$)",230000000,205000000,152000000,155000000,182000000,156000000,183000000,126000000,127000000,108000000,124000000,178000000,265000000,266000000,227000000,212000000,197000000,174000000,233000000,206000000,217000000,145000000,262000000,
Kyrgyz Republic,KGZ,"International tourism, expenditures (current US$)",7000000,7000000,11000000,25000000,27000000,28000000,21000000,27000000,35000000,73000000,94000000,142000000,215000000,450000000,273000000,275000000,392000000,529000000,505000000,568000000,535000000,582000000,422000000,453000000
Cambodia,KHM,"International tourism, expenditures (current US$)",22000000,31000000,28000000,35000000,41000000,52000000,59000000,64000000,60000000,80000000,137000000,176000000,194000000,180000000,163000000,131000000,344000000,406000000,469000000,527000000,641000000,762000000,919000000,1079000000
Kiribati,KIR,"International tourism, expenditures (current US$)",,,,,,,,,,,9300000,3100000,5500000,6600000,11700000,10100000,12300000,7900000,13400000,13200000,12400000,15200000,13900000,
St. Kitts and Nevis,KNA,"International tourism, expenditures (current US$)",5000000,5000000,6000000,6000000,7000000,9000000,8000000,8000000,8000000,10000000,11000000,14000000,12000000,15000000,11000000,13000000,14000000,15000000,16000000,51000000,52000000,51000000,56000000,59000000
"Korea, Rep.",KOR,"International tourism, expenditures (current US$)",6947000000,8291000000,8039000000,4027000000,5555000000,7945000000,8349000000,11440000000,11063000000,13507000000,16924000000,20947000000,24431000000,21447000000,16355000000,20788000000,22195000000,22934000000,24459000000,26136000000,27957000000,29817000000,34453000000,34769000000
Kuwait,KWT,"International tourism, expenditures (current US$)",2514000000,2779000000,2684000000,2823000000,2574000000,2852000000,3207000000,3412000000,3750000000,4147000000,4997000000,6074000000,7267000000,8341000000,6799000000,7106000000,8879000000,10073000000,10567000000,12280000000,13148000000,13232000000,13722000000,14318000000
Latin America & Caribbean (excluding high income),LAC,"International tourism, expenditures (current US$)",17305918950,20184114954,21819175237,22567506599,20661919632,23542790916,22749304902,19943692590,20411463756,23308397989,27711129210,31119466193,37158889154,42364238581,40329789146,48467586885,57872831402,63274624425,69184573198,69935340847,61346006949,61553003300,71832446527,71687470454
Lao PDR,LAO,"International tourism, expenditures (current US$)",34000000,28000000,27000000,29000000,17000000,8000000,4100000,4300000,5000000,8000000,10000000,15000000,14000000,51000000,91000000,215000000,248000000,614000000,907000000,1054000000,1002000000,912100000,930000000,949000000
Lebanon,LBN,"International tourism, expenditures (current US$)",,,,,,,,2683000000,3319000000,3719000000,3565000000,3783000000,3914000000,4297000000,4928000000,4868000000,4440000000,4511000000,4692000000,5198000000,5187000000,5252000000,5704000000,6395000000
Liberia,LBR,"International tourism, expenditures (current US$)",,,,,,,,,,29000000,33000000,41000000,48000000,58000000,51000000,1700000,1900000,2100000,2400000,2200000,2500000,3510000,5970000,7700000
Libya,LBY,"International tourism, expenditures (current US$)",98000000,85000000,286000000,423000000,574000000,495000000,572000000,654000000,689000000,789000000,920000000,915000000,1010000000,1339000000,1683000000,2184000000,2269000000,2654000000,2598000000,1325000000,1066000000,813000000,,
St. Lucia,LCA,"International tourism, expenditures (current US$)",25000000,29000000,29000000,31000000,33000000,33000000,32000000,34000000,36000000,37000000,39000000,39000000,42000000,45000000,47000000,48000000,48000000,45000000,46000000,66000000,76000000,78000000,84000000,87000000
Latin America & Caribbean,LCN,"International tourism, expenditures (current US$)",20751899565,23823625252,25896139668,26589657456,24588451597,27717010293,27006422737,24006391700,24862490391,28208502752,32982703536,36559791287,42902604491,48190849253,45818551590,54178491670,64229774293,70186712929,77066588950,78238080709,69435922604,69929890223,80415417935,80394178627
Least developed countries: UN classification,LDC,"International tourism, expenditures (current US$)",2366639899,2514184550,2669203922,2708129812,2848897767,3105460504,2924018371,2937877337,3212921492,3817314308,4850813033,6460691575,7558881261,8420004402,7741256729,8396491742,9313283873,9605812767,10129566023,10595277327,11202156364,10812974776,11839291801,12610936966
Low income,LIC,"International tourism, expenditures (current US$)",1634300052,1744269696,1858223193,1945912889,2086064784,2120827951,2200609454,2413200652,2418493312,2616520628,3402282963,4576790445,5154600625,5694749660,5291540735,6328299417,5927114972,5099982115,4768351188,5297183283,5843140885,4959117056,,
Liechtenstein,LIE,"International tourism, expenditures (current US$)",,,,,,,,,,,,,,,,,,,,,,,,
Sri Lanka,LKA,"International tourism, expenditures (current US$)",279000000,267000000,280000000,326000000,341000000,383000000,402000000,438000000,462000000,499000000,552000000,666000000,709000000,777000000,735000000,828000000,926000000,1219000000,1808000000,1922000000,2152000000,2295000000,2409000000,2487000000
Lower middle income,LMC,"International tourism, expenditures (current US$)",8201021664,9883699722,11161955688,11775720873,10942144195,13002983714,14093302783,14582069772,17245314368,22235682225,28541302705,33869081608,42947509328,52935819802,41926615012,48516358030,56300760726,60477055877,64251861043,72010285230,75001173227,75275375819,85213768698,96921601927
Low & middle income,LMY,"International tourism, expenditures (current US$)",59878082348,64547966715,73230583137,71253928951,70072845384,81613061095,85576699075,93182204855,1.00E+11,1.21E+11,1.37E+11,1.55E+11,1.90E+11,2.24E+11,2.13E+11,2.57E+11,3.02E+11,3.54E+11,4.09E+11,5.16E+11,5.14E+11,5.03E+11,5.48E+11,5.90E+11
Lesotho,LSO,"International tourism, expenditures (current US$)",17000000,16000000,17000000,16000000,17000000,195000000,166000000,164000000,242000000,278000000,271000000,263000000,276000000,248000000,247000000,278000000,300000000,252000000,212000000,177000000,180000000,252000000,323000000,339000000
Late-demographic dividend,LTE,"International tourism, expenditures (current US$)",50748011751,53835711617,59788533450,56007239046,52491764987,59442553477,63144558604,67928566336,73481274852,90076706718,1.02E+11,1.19E+11,1.46E+11,1.72E+11,1.62E+11,1.92E+11,2.39E+11,2.93E+11,3.41E+11,4.45E+11,4.36E+11,4.29E+11,4.61E+11,4.94E+11
Lithuania,LTU,"International tourism, expenditures (current US$)",107000000,270000000,289000000,304000000,350000000,261000000,227000000,334000000,476000000,643000000,743000000,909000000,1144000000,1530000000,1119000000,849000000,859000000,925000000,1069000000,1059000000,951000000,1012000000,1115000000,1195000000
Luxembourg,LUX,"International tourism, expenditures (current US$)",1193000000,1189000000,1115000000,1335000000,1316000000,1309000000,1464000000,1936000000,2445000000,2920000000,3015000000,3058000000,3491000000,3839000000,3670000000,3626000000,3873000000,3094000000,3292000000,3359000000,2874000000,2914000000,3043000000,3290000000
Latvia,LVA,"International tourism, expenditures (current US$)",62000000,407000000,379000000,355000000,321000000,281000000,255000000,267000000,365000000,428000000,655000000,788000000,1021000000,1139000000,798000000,648000000,765000000,680000000,715000000,715000000,618000000,699000000,728000000,778000000
"Macao SAR, China",MAC,"International tourism, expenditures (current US$)",,,,,,,,512000000,471000000,529000000,475000000,506000000,608000000,695000000,714000000,883000000,1064000000,1155000000,1236000000,1344000000,1336000000,1319000000,1391000000,1411000000
St. Martin (French part),MAF,"International tourism, expenditures (current US$)",,,,,,,,,,,,,,,,,,,,,,,,
Morocco,MAR,"International tourism, expenditures (current US$)",356000000,353000000,363000000,496000000,578000000,506000000,589000000,669000000,845000000,912000000,999000000,1113000000,1418000000,1910000000,1713000000,1879000000,2260000000,2095000000,2002000000,2273000000,2155000000,2312000000,2829000000,3018000000
Monaco,MCO,"International tourism, expenditures (current US$)",,,,,,,,,,,,,,,,,,,,,,,,
Moldova,MDA,"International tourism, expenditures (current US$)",73000000,77000000,75000000,73000000,69000000,86000000,90000000,109000000,118000000,135000000,170000000,224000000,290000000,359000000,307000000,298000000,349000000,396000000,428000000,442000000,370000000,334000000,380000000,438000000
Madagascar,MDG,"International tourism, expenditures (current US$)",79000000,89000000,101000000,140000000,133000000,139000000,179000000,192000000,67000000,108000000,164000000,167000000,188000000,264000000,225000000,216000000,288000000,235000000,256000000,317000000,240000000,300000000,319000000,309000000
Maldives,MDV,"International tourism, expenditures (current US$)",41000000,48000000,51000000,55000000,58000000,60000000,59000000,60000000,60000000,75000000,94000000,106000000,152000000,211000000,212000000,252000000,231000000,207000000,252000000,271000000,309000000,347000000,376000000,433000000
Middle East & North Africa,MEA,"International tourism, expenditures (current US$)",,,,,,,,30450540842,29195513543,32142654447,41185906757,52120505526,69209148511,70959049816,72353771601,79686376962,83974500000,89147966450,97274524449,1.09E+11,1.11E+11,1.09E+11,1.17E+11,1.18E+11
Mexico,MEX,"International tourism, expenditures (current US$)",3587000000,3963000000,4554000000,4834000000,5192000000,6365000000,6685000000,7087000000,7252000000,8034000000,8951000000,9387000000,9918000000,10246000000,8737000000,9001000000,9704000000,10735000000,11970000000,12556000000,12668000000,12823000000,13647000000,14073000000
Marshall Islands,MHL,"International tourism, expenditures (current US$)",,,,,100000,200000,300000,300000,300000,400000,25500000,23100000,24300000,24500000,24550000,21990000,23800000,25500000,24700000,23800000,26200000,27000000,27600000,31400000
Middle income,MIC,"International tourism, expenditures (current US$)",58306670689,62867905308,71425220909,69386748562,68106980285,79555830038,83439328683,90840340368,98055088678,1.19E+11,1.34E+11,1.51E+11,1.85E+11,2.18E+11,2.07E+11,2.50E+11,2.96E+11,3.48E+11,4.03E+11,5.10E+11,5.07E+11,4.96E+11,5.41E+11,5.82E+11
North Macedonia,MKD,"International tourism, expenditures (current US$)",27000000,30000000,33000000,39000000,42000000,58000000,60000000,60000000,71000000,85000000,97000000,110000000,147000000,190000000,150000000,131000000,159000000,153000000,168000000,186000000,189000000,204000000,233000000,282000000
Mali,MLI,"International tourism, expenditures (current US$)",74000000,69000000,65000000,67000000,65000000,66000000,65000000,62000000,94000000,125000000,133000000,196000000,201000000,228000000,191000000,167000000,171000000,164000000,189000000,231000000,207000000,213000000,220000000,
Malta,MLT,"International tourism, expenditures (current US$)",237000000,244000000,216000000,221000000,231000000,224000000,204000000,180000000,238000000,291000000,311000000,362000000,284000000,307000000,291000000,309000000,333000000,339000000,384000000,397000000,368000000,408000000,472000000,518000000
Myanmar,MMR,"International tourism, expenditures (current US$)",18000000,28000000,38000000,31000000,26000000,30000000,32000000,34000000,36000000,32000000,34000000,40000000,39000000,49700000,52000000,53000000,132000000,265000000,131000000,119000000,146000000,201000000,136000000,118000000
Middle East & North Africa (excluding high income),MNA,"International tourism, expenditures (current US$)",5600135078,5495985524,6162542673,6215023228,7023467239,6597671397,7128022571,12144514366,13298043356,14548534746,14965400000,16463000000,20690200000,23976500000,24996500000,29326500000,28275500000,27266260900,31127639184,32929093347,34183708795,34775498808,36811162541,
Montenegro,MNE,"International tourism, expenditures (current US$)",,,,,,,,,,,,,58000000,80000000,76000000,72000000,70000000,67000000,81000000,79000000,68000000,91000000,91000000,73000000
Mongolia,MNG,"International tourism, expenditures (current US$)",22000000,37000000,19000000,50000000,45000000,54000000,59000000,125000000,144000000,207000000,142000000,196000000,218000000,249000000,242000000,319000000,460000000,558000000,643000000,529000000,473000000,536000000,618000000,822000000
Northern Mariana Islands,MNP,"International tourism, expenditures (current US$)",,,,,,,,,,,,,,,,,,,,,,,,
Mozambique,MOZ,"International tourism, expenditures (current US$)",,68000000,82000000,97000000,140000000,122000000,132000000,115000000,141000000,140000000,187000000,196000000,209000000,241000000,247000000,247000000,264000000,247000000,313000000,331000000,322000000,290000000,237000000,135000000
Mauritania,MRT,"International tourism, expenditures (current US$)",30000000,41000000,53000000,47000000,55000000,,,,,,,,,,,,,101000000,105000000,112000000,73000000,74000000,61000000,38000000
Mauritius,MUS,"International tourism, expenditures (current US$)",184000000,205000000,194000000,203000000,210000000,203000000,216000000,223000000,236000000,277000000,295000000,347000000,384000000,489000000,384000000,423000000,427000000,394000000,458000000,503000000,616000000,683000000,738000000,723000000
Malawi,MWI,"International tourism, expenditures (current US$)",53000000,64000000,81000000,49000000,52000000,53000000,52000000,86000000,70000000,70000000,84000000,85000000,79000000,86000000,91000000,90000000,92000000,96000000,90000000,106000000,121000000,100000000,120000000,136000000
Malaysia,MYS,"International tourism, expenditures (current US$)",2722000000,3032000000,3158000000,2160000000,2382000000,2543000000,3391000000,3330000000,3401000000,3822000000,4339000000,5085000000,6600000000,7724000000,7196000000,9258000000,11136000000,13165000000,13377000000,13893000000,11599000000,11339000000,12145000000,13248000000
North America,NAC,"International tourism, expenditures (current US$)",73897591491,79504583779,86329833512,92053136798,91962895506,1.02E+11,94547807187,90880000000,95685000000,1.14E+11,1.24E+11,1.33E+11,1.44E+11,1.54E+11,1.34E+11,1.48E+11,1.58E+11,1.65E+11,1.66E+11,1.75E+11,1.81E+11,1.90E+11,2.06E+11,2.20E+11
Namibia,NAM,"International tourism, expenditures (current US$)",90000000,89000000,99000000,88000000,89000000,86000000,71000000,65000000,101000000,123000000,108000000,118000000,132000000,114000000,40000000,42000000,55000000,53000000,47000000,67000000,71000000,82000000,73000000,69000000
New Caledonia,NCL,"International tourism, expenditures (current US$)",,,,,,,,104000000,128000000,167000000,122000000,129000000,149000000,354000000,330000000,343000000,356000000,336000000,333000000,328000000,253000000,252000000,,
Niger,NER,"International tourism, expenditures (current US$)",26000000,59000000,50000000,39000000,35000000,32000000,33000000,29000000,39000000,42000000,42000000,42000000,48000000,98000000,84000000,95000000,57000000,132000000,81000000,129000000,140000000,110000000,120000000,
Nigeria,NGA,"International tourism, expenditures (current US$)",938000000,1318000000,1840000000,1589000000,640000000,610000000,858000000,910000000,2076000000,,501000000,3536000000,6665000000,11007000000,6236000000,8348000000,9533000000,9240000000,9152000000,9204000000,9017000000,4524000000,8194000000,13218000000
Nicaragua,NIC,"International tourism, expenditures (current US$)",56000000,79000000,86000000,94000000,114000000,126000000,128000000,125000000,139000000,154000000,162000000,224000000,238000000,265000000,256000000,225000000,240000000,241000000,277000000,286000000,273000000,310000000,365000000,349000000
Netherlands,NLD,"International tourism, expenditures (current US$)",13151000000,13709000000,12555000000,13474000000,13468000000,13649000000,13061000000,14201000000,15887000000,16937000000,13724000000,14588000000,17277000000,19805000000,18628000000,19044000000,20741000000,20094000000,21009000000,23655000000,20234000000,22538000000,24720000000,25952000000
Norway,NOR,"International tourism, expenditures (current US$)",4481000000,4759000000,4756000000,5069000000,5185000000,4893000000,4718000000,5610000000,7089000000,8894000000,10400000000,11273000000,13256000000,15118000000,13221000000,14658000000,16958000000,18131000000,20116000000,20166000000,16485000000,16384000000,17517000000,18592000000
Nepal,NPL,"International tourism, expenditures (current US$)",167000000,155000000,141000000,107000000,116000000,109000000,128000000,108000000,119000000,205000000,221000000,261000000,402000000,545000000,572000000,528000000,420000000,562000000,598000000,680000000,669000000,634000000,887000000,918000000
Nauru,NRU,"International tourism, expenditures (current US$)",,,,,,,,,,,,,,1500000,2500000,2900000,2900000,1900000,4300000,10700000,6400000,10000000,9000000,7100000
New Zealand,NZL,"International tourism, expenditures (current US$)",1259000000,1466000000,1461000000,1383000000,1430000000,1235000000,1255000000,1386000000,1649000000,2229000000,2671000000,2535000000,3077000000,3006000000,2580000000,3039000000,3461000000,3715000000,3861000000,4108000000,3721000000,4010000000,4463000000,4603000000
OECD members,OED,"International tourism, expenditures (current US$)",3.65E+11,3.83E+11,3.74E+11,3.82E+11,4.01E+11,4.07E+11,3.92E+11,4.09E+11,4.64E+11,5.38E+11,5.75E+11,5.94E+11,6.71E+11,7.13E+11,6.22E+11,6.53E+11,7.06E+11,7.02E+11,7.20E+11,7.54E+11,7.03E+11,7.30E+11,7.91E+11,8.50E+11
Oman,OMN,"International tourism, expenditures (current US$)",47000000,349000000,347000000,542000000,583000000,629000000,703000000,702000000,804000000,823000000,863000000,894000000,952000000,1197000000,1295000000,1243000000,1493000000,1644000000,1824000000,2081000000,2208000000,2643000000,2915000000,3210000000
Other small states,OSS,"International tourism, expenditures (current US$)",2442778176,2462744558,2498300944,2725389263,3002997559,3253705808,3282097142,3406772288,4011089077,4808110833,6240857753,8540464323,10116188374,11189090223,9148995829,8828179572,16234872246,19219466324,20931429224,22469804981,25689321449,24725597039,27753555129,27003742745
Pakistan,PAK,"International tourism, expenditures (current US$)",654000000,1018000000,591000000,565000000,447000000,574000000,555000000,491000000,1163000000,1612000000,1753000000,2029000000,2075000000,2163000000,1098000000,1370000000,1857000000,1851000000,1638000000,2209000000,2642000000,2962000000,3401000000,2899000000
Panama,PAN,"International tourism, expenditures (current US$)",181000000,210000000,243000000,245000000,259000000,241000000,227000000,252000000,267000000,294000000,388000000,403000000,457000000,560000000,503000000,575000000,679000000,591000000,1078000000,1147000000,1272000000,1476000000,1184000000,1307000000
Peru,PER,"International tourism, expenditures (current US$)",428000000,492000000,608000000,642000000,652000000,641000000,773000000,806000000,847000000,852000000,970000000,1047000000,1243000000,1432000000,1404000000,1648000000,1768000000,1900000000,2105000000,2118000000,2539000000,2700000000,2916000000,3417000000
Philippines,PHL,"International tourism, expenditures (current US$)",551000000,1287000000,1969000000,2022000000,1737000000,1841000000,1918000000,1874000000,1649000000,1526000000,3286000000,3075000000,3351000000,4285000000,4056000000,5964000000,6055000000,7140000000,8400000000,11130000000,11868000000,11681000000,12442000000,12474000000
Palau,PLW,"International tourism, expenditures (current US$)",,,,2000000,2000000,11500000,14100000,18200000,16400000,18200000,18000000,17400000,17100000,19100000,16100000,15200000,17000000,19400000,18500000,17200000,21900000,23800000,23300000,
Papua New Guinea,PNG,"International tourism, expenditures (current US$)",58000000,72000000,78000000,52000000,53000000,50000000,38000000,60000000,52000000,71900000,56200000,43000000,81000000,75000000,132000000,138000000,186000000,203000000,214000000,168000000,135000000,126000000,165000000,
Poland,POL,"International tourism, expenditures (current US$)",5865000000,6357000000,5855000000,4524000000,3810000000,3417000000,3595000000,3440000000,3286000000,5092000000,5894000000,7653000000,8339000000,10689000000,7891000000,9099000000,8884000000,9129000000,9131000000,9541000000,8523000000,8617000000,9567000000,10608000000
Pre-demographic dividend,PRE,"International tourism, expenditures (current US$)",,,,,,,,,,,5681987248,10298467461,14647125013,19866675265,14696890908,17327516290,19756421745,19550300265,22243071820,24460187544,26395044409,20501201277,25590344586,31384008018
Puerto Rico,PRI,"International tourism, expenditures (current US$)",1155000000,1137000000,1235000000,1242000000,1172000000,1333000000,1456000000,1319000000,1420000000,1584000000,1663000000,1752000000,1743000000,1761000000,1388000000,1182000000,1202000000,1162000000,1142000000,1094000000,983000000,1059000000,1072000000,893000000
"Korea, Dem. Peoples Rep.",PRK,"International tourism, expenditures (current US$)",,,,,,,,,,,,,,,,,,,,,,,,
Portugal,PRT,"International tourism, expenditures (current US$)",2539000000,2701000000,2491000000,2776000000,2758000000,2754000000,2606000000,2635000000,2983000000,3370000000,3742000000,4144000000,4867000000,5284000000,4609000000,4692000000,4951000000,4482000000,4882000000,5213000000,4576000000,4724000000,5559000000,6524000000
Paraguay,PRY,"International tourism, expenditures (current US$)",173000000,185000000,211000000,223000000,181000000,154000000,130000000,117000000,115000000,121000000,130000000,144000000,184000000,214000000,231000000,261000000,308000000,363000000,425000000,448000000,494000000,512000000,545000000,549000000
West Bank and Gaza,PSE,"International tourism, expenditures (current US$)",162000000,191000000,218000000,295000000,301000000,290000000,361000000,373000000,312000000,336000000,223000000,211000000,395000000,477000000,479000000,521000000,603000000,646000000,643000000,520000000,610000000,625000000,773000000,755000000
Pacific island small states,PSS,"International tourism, expenditures (current US$)",,,145925867.4,115396490,126902625.9,155670314.5,141866463.9,141866463.9,162552968.2,211160601.3,258132410.9,243989408.5,253800048.4,290600000,301950000,320890000,361050000,368100000,359750000,340853421.4,348907719.5,362219684.4,386046983,398835808
Post-demographic dividend,PST,"International tourism, expenditures (current US$)",3.65E+11,3.81E+11,3.72E+11,3.81E+11,4.02E+11,4.06E+11,3.92E+11,4.11E+11,4.63E+11,5.38E+11,5.72E+11,5.89E+11,6.65E+11,7.06E+11,6.20E+11,6.54E+11,7.10E+11,7.09E+11,7.27E+11,7.60E+11,7.09E+11,7.37E+11,7.98E+11,8.56E+11
French Polynesia,PYF,"International tourism, expenditures (current US$)",,,,,,,,264000000,335000000,425000000,430000000,122000000,153000000,388000000,339000000,335000000,327000000,300000000,293000000,312000000,277000000,226000000,,
Qatar,QAT,"International tourism, expenditures (current US$)",,,,,320000000,307000000,366000000,423000000,471000000,691000000,1759000000,3751000000,,,,,7813000000,10702000000,11729000000,12871000000,11641000000,13152000000,12284000000,11754000000
Romania,ROU,"International tourism, expenditures (current US$)",749000000,716000000,699000000,504000000,428000000,447000000,475000000,448000000,572000000,672000000,1071000000,1457000000,1723000000,2407000000,1766000000,1897000000,2294000000,2108000000,2176000000,2636000000,2331000000,2464000000,4060000000,5088000000
Russian Federation,RUS,"International tourism, expenditures (current US$)",11599000000,10011000000,10113000000,8677000000,7097000000,8848000000,9760000000,11362000000,13427000000,16082000000,17963000000,18850000000,22456000000,26401000000,23785000000,30169000000,37343000000,48096000000,59504000000,55383000000,38432000000,27654000000,35584000000,38791000000
Rwanda,RWA,"International tourism, expenditures (current US$)",13000000,19000000,22000000,25000000,28000000,35000000,33000000,24000000,26000000,31000000,75000000,84000000,98000000,146000000,148000000,120000000,142000000,133000000,126000000,133000000,350000000,364000000,396000000,377000000
South Asia,SAS,"International tourism, expenditures (current US$)",2379258890,2661237696,2728471076,3070658880,3358658585,5301402242,5872384237,5776049840,6600913108,8646012061,11307249757,12323778334,14608630677,16607000000,12682000000,14452000000,18265000000,19014000000,19693000000,23538600000,24480000000,26406000000,30249000000,34040000000
Saudi Arabia,SAU,"International tourism, expenditures (current US$)",,,,,,,,7370000000,4165000000,4428000000,9087000000,12979000000,21031000000,16005000000,21312000000,22076000000,18202000000,17986000000,18648000000,25137000000,20366000000,17671000000,19065000000,17932000000
Sudan,SDN,"International tourism, expenditures (current US$)",43000000,28000000,33000000,29000000,35000000,55000000,74000000,91000000,119000000,176000000,667000000,1414000000,1477000000,1268000000,868000000,1127000000,937000000,699000000,460000000,439000000,195000000,203000000,29000000,13000000
Senegal,SEN,"International tourism, expenditures (current US$)",154000000,127000000,128000000,135000000,136000000,125000000,112000000,112000000,129000000,138000000,144000000,139000000,352000000,276000000,258000000,217000000,250000000,248000000,265000000,279000000,261000000,276000000,295000000,
Singapore,SGP,"International tourism, expenditures (current US$)",4663000000,5015000000,4358000000,3222000000,4217000000,4535000000,6600000000,8212000000,8382000000,9291000000,10070000000,11268000000,13503000000,16340000000,15704000000,18700000000,21420000000,23139000000,24407000000,25547000000,23658000000,23957000000,24588000000,25346000000
Solomon Islands,SLB,"International tourism, expenditures (current US$)",17400000,18500000,14800000,10200000,11400000,12200000,10500000,8500000,6400000,12300000,11200000,26500000,35600000,40500000,37800000,51200000,66000000,68100000,68300000,65600000,60700000,74900000,72700000,53200000
Sierra Leone,SLE,"International tourism, expenditures (current US$)",50500000,36500000,18100000,13200000,44200000,34500000,42200000,39100000,37800000,30300000,33600000,15000000,17000000,24400000,26000000,22000000,26000000,32000000,71000000,45000000,34000000,36000000,56000000,61000000
El Salvador,SLV,"International tourism, expenditures (current US$)",99000000,102000000,153000000,179000000,205000000,219000000,247000000,266000000,311000000,373000000,288000000,307000000,363000000,326000000,253000000,280000000,244000000,287000000,270000000,277000000,332000000,451000000,466000000,490000000
San Marino,SMR,"International tourism, expenditures (current US$)",,,,,,,,,,,,,,,,,,,,,,,,
Somalia,SOM,"International tourism, expenditures (current US$)",,,,,,,,,,,,,,,,,,,,,,,,
Serbia,SRB,"International tourism, expenditures (current US$)",,,,,,,,105000000,144000000,208000000,260000000,322000000,1203000000,1448000000,1105000000,1103000000,1263000000,1188000000,1290000000,1360000000,1254000000,1351000000,1549000000,1837000000
Sub-Saharan Africa (excluding high income),SSA,"International tourism, expenditures (current US$)",,,,,,,,,,,11719501149,17055336647,22493449316,28562445174,22474188578,26456626632,29171665522,27039340704,26351970315,27044067319,27419069168,21535756557,26843423692,33167630580
South Sudan,SSD,"International tourism, expenditures (current US$)",,,,,,,,,,,,,,,,,,,,239000000,759000000,323000000,293000000,513000000
Sub-Saharan Africa,SSF,"International tourism, expenditures (current US$)",,,,,,,,,,,12083840002,17465080231,22953829271,29118159456,22916605988,26943883946,29662871797,27490404409,26876223994,27618766145,28099669745,22329149085,27698315807,33969444203
Small states,SST,"International tourism, expenditures (current US$)",3280053069,3441074625,3537313871,3764902277,4123068458,4530193709,4502922161,4678573428,5323928379,6306179869,8040620224,10278058726,11809576111,12630426114,10642265201,10359408012,17563087531,20763157754,22279235662,24060866582,27388162885,26532714255,29606703232,28920211386
Sao Tome and Principe,STP,"International tourism, expenditures (current US$)",,,,1900000,2200000,2200000,2000000,1800000,1800000,2100000,500000,1100000,700000,310000,410000,550000,1350000,3200000,3100000,18000000,22100000,20600000,17200000,17600000
Suriname,SUR,"International tourism, expenditures (current US$)",27000000,38000000,41000000,49000000,47000000,67000000,62000000,54000000,68000000,85000000,94000000,33000000,28000000,35000000,35000000,41000000,49000000,58000000,75000000,90000000,128000000,112000000,99000000,104000000
Slovak Republic,SVK,"International tourism, expenditures (current US$)",338000000,517000000,484000000,527000000,387000000,341000000,340000000,506000000,662000000,900000000,1122000000,1230000000,1825000000,2671000000,2251000000,2146000000,2450000000,2309000000,2523000000,2582000000,2266000000,2420000000,2599000000,2823000000
Slovenia,SVN,"International tourism, expenditures (current US$)",606000000,638000000,554000000,601000000,579000000,544000000,560000000,647000000,805000000,937000000,1019000000,1059000000,1260000000,1611000000,1771000000,1642000000,1727000000,1508000000,1559000000,1646000000,1370000000,1484000000,1643000000,1755000000
Sweden,SWE,"International tourism, expenditures (current US$)",6816000000,7642000000,6850000000,8591000000,8927000000,8959000000,7916000000,8221000000,9375000000,11088000000,11088000000,11159000000,13646000000,14622000000,12075000000,13973000000,13998000000,13954000000,15334000000,15823000000,14410000000,14899000000,17057000000,18056000000
Eswatini,SWZ,"International tourism, expenditures (current US$)",45000000,44000000,40000000,60000000,35000000,32000000,31000000,26000000,23000000,54000000,60000000,54000000,63000000,59000000,98000000,87000000,35000000,53000000,48000000,62000000,64000000,33000000,74000000,43000000
Sint Maarten (Dutch part),SXM,"International tourism, expenditures (current US$)",59000000,62000000,65000000,99000000,171000000,127000000,137000000,140000000,144000000,80000000,94000000,86000000,83400000,88100000,104000000,105000000,112000000,120000000,114000000,117000000,118000000,114000000,100000000,105000000
Seychelles,SYC,"International tourism, expenditures (current US$)",34000000,31000000,31000000,29000000,28000000,44000000,41000000,53000000,54000000,53000000,59000000,56000000,73000000,64000000,56000000,63000000,65000000,58000000,62000000,65000000,54000000,92000000,104000000,102000000
Syrian Arab Republic,SYR,"International tourism, expenditures (current US$)",498000000,513000000,545000000,583000000,631000000,669000000,670000000,760000000,734000000,688000000,584000000,585000000,710000000,911000000,980000000,1598000000,850000000,,,,,,,
Turks and Caicos Islands,TCA,"International tourism, expenditures (current US$)",,,,,,,,,,,,,,,,,,,,4500000,4500000,4500000,4200000,4200000
Chad,TCD,"International tourism, expenditures (current US$)",38000000,49000000,53000000,66000000,53000000,56000000,56000000,80000000,,,,,,,,,,,,,,,,
East Asia & Pacific (IDA & IBRD countries),TEA,"International tourism, expenditures (current US$)",14530425929,16633284909,21316757854,19211702301,21755040112,25892043327,27999747078,32039449463,30878874244,38077613250,40582692461,45881774028,55228746716,65920300000,69756950000,88403890000,1.09E+11,1.44E+11,1.74E+11,2.77E+11,2.99E+11,3.02E+11,3.14E+11,3.39E+11
Europe & Central Asia (IDA & IBRD countries),TEC,"International tourism, expenditures (current US$)",21530599903,21111765043,21530116391,19091266609,16423124182,18448328369,20358685534,22827896512,25671497206,33895222253,38718648294,42963230552,51665277321,61564085131,53527445434,61802207788,71698161388,85596227001,1.00E+11,97150256548,76434033090,66016772943,80050080889,87813581850
Togo,TGO,"International tourism, expenditures (current US$)",40000000,19000000,14000000,16000000,17000000,15000000,20000000,26000000,37000000,38000000,42000000,42000000,59000000,68000000,94000000,89000000,81000000,46000000,58000000,60000000,53000000,55000000,57000000,
Thailand,THA,"International tourism, expenditures (current US$)",4791000000,4735000000,3752000000,2246000000,2870000000,3218000000,3334000000,3888000000,3538000000,5343000000,4920000000,6176000000,6889000000,6707000000,5744000000,7155000000,7534000000,8095000000,8238000000,8824000000,9539000000,11267000000,12676000000,14675000000
Tajikistan,TJK,"International tourism, expenditures (current US$)",,,,,,,,1700000,2100000,3400000,3800000,6000000,7000000,10800000,5800000,35400000,31400000,36500000,42500000,,,24600000,15100000,24200000
Turkmenistan,TKM,"International tourism, expenditures (current US$)",,74000000,127000000,,,,,,,,,,,,,,,,,,,,,
Latin America & the Caribbean (IDA & IBRD countries),TLA,"International tourism, expenditures (current US$)",18623235834,21548135577,23401208876,24052724955,22078037119,24958000000,24136000000,21331000000,21914000000,24972000000,29428000000,32820000000,39059000000,44338000000,42403000000,50787000000,60847100000,66679700000,73446100000,74689000000,66036000000,66392000000,76540336022,76642844467
Timor-Leste,TLS,"International tourism, expenditures (current US$)",,,,,,,,,,,,2000000,5000000,51000000,69000000,68000000,62000000,92000000,57000000,84000000,100000000,118000000,137000000,131000000
Middle East & North Africa (IDA & IBRD countries),TMN,"International tourism, expenditures (current US$)",5437870296,5292980708,5929674769,5877459842,6686244462,6270985432,6709891536,11762984292,12980986395,14207239412,14742400000,16252000000,20295200000,23499500000,24517500000,28805500000,27672500000,26618216180,30485299105,32414868562,33577479812,34154194417,36035445176,
Tonga,TON,"International tourism, expenditures (current US$)",,,,,,,3200000,3200000,13200000,16200000,16000000,15000000,17300000,21300000,19800000,21600000,23400000,28500000,29100000,30100000,32400000,23800000,37700000,41200000
South Asia (IDA & IBRD),TSA,"International tourism, expenditures (current US$)",2379258890,2661237696,2728471076,3070658880,3358658585,5301402242,5872384237,5776049840,6600913108,8646012061,11307249757,12323778334,14608630677,16607000000,12682000000,14452000000,18265000000,19014000000,19693000000,23538600000,24480000000,26406000000,30249000000,34040000000
Sub-Saharan Africa (IDA & IBRD countries),TSS,"International tourism, expenditures (current US$)",,,,,,,,,,,12083840002,17465080231,22953829271,29118159456,22916605988,26943883946,29662871797,27490404409,26876223994,27618766145,28099669745,22329149085,27698315807,33969444203
Trinidad and Tobago,TTO,"International tourism, expenditures (current US$)",91000000,98000000,97000000,92000000,106000000,190000000,172000000,208000000,143000000,141000000,234000000,146000000,155000000,102000000,136000000,97000000,188000000,223000000,116000000,168000000,253000000,230000000,147000000,149000000
Tunisia,TUN,"International tourism, expenditures (current US$)",294000000,282000000,266000000,271000000,276000000,310000000,322000000,303000000,355000000,427000000,452000000,498000000,530000000,555000000,478000000,611000000,678000000,673000000,768000000,770000000,767000000,823000000,871000000,954000000
Turkey,TUR,"International tourism, expenditures (current US$)",911000000,1265000000,1716000000,1754000000,1471000000,1713000000,1738000000,1880000000,2113000000,2524000000,3563000000,3517000000,4254000000,4509000000,5061000000,5817000000,5372000000,4585000000,5253000000,5475000000,5683000000,5025000000,5180000000,4993000000
Tuvalu,TUV,"International tourism, expenditures (current US$)",,,,,,,,,,,4600000,5430000,6890000,8400000,7500000,8700000,11450000,11500000,7550000,,,,,
Tanzania,TZA,"International tourism, expenditures (current US$)",360000000,412000000,424000000,521000000,403000000,369000000,363000000,361000000,375000000,470000000,577000000,571000000,616000000,746000000,806000000,861000000,928000000,1003000000,1101000000,1185000000,1288000000,992000000,873000000,818000000
Uganda,UGA,"International tourism, expenditures (current US$)",80000000,135000000,113000000,95000000,,,,,,158000000,185000000,196000000,220000000,315000000,351000000,464000000,540000000,642000000,349000000,342000000,278000000,309000000,353000000,334000000
Ukraine,UKR,"International tourism, expenditures (current US$)",210000000,405000000,462000000,487000000,460000000,561000000,676000000,794000000,953000000,2660000000,3078000000,3202000000,4022000000,4585000000,3751000000,4134000000,4829000000,5536000000,6300000000,5470000000,5408000000,6306000000,7536000000,8287000000
Upper middle income,UMC,"International tourism, expenditures (current US$)",50205936425,52965073857,60249617205,57478442534,57105248900,66459045586,69197867871,76180497271,80622042086,96365109839,1.05E+11,1.17E+11,1.42E+11,1.65E+11,1.65E+11,2.02E+11,2.40E+11,2.88E+11,3.39E+11,4.38E+11,4.31E+11,4.21E+11,4.56E+11,4.85E+11
Uruguay,URY,"International tourism, expenditures (current US$)",332000000,339000000,391000000,265000000,280000000,381000000,338000000,243000000,236000000,267000000,331000000,305000000,354000000,466000000,442000000,549000000,797000000,1043000000,1504000000,1604000000,1388000000,1139000000,1233000000,1309000000
United States,USA,"International tourism, expenditures (current US$)",61042000000,65477000000,71948000000,78423000000,77718000000,86183000000,79661000000,76380000000,79128000000,94235000000,1.01E+11,1.07E+11,1.13E+11,1.20E+11,1.03E+11,1.10E+11,1.16E+11,1.30E+11,1.30E+11,1.41E+11,1.50E+11,1.61E+11,1.74E+11,1.87E+11
Uzbekistan,UZB,"International tourism, expenditures (current US$)",,,,,,,,,,,,,,,,,,,,,,1832000000,2107000000,2722000000
St. Vincent and the Grenadines,VCT,"International tourism, expenditures (current US$)",7000000,8000000,7000000,8000000,9000000,10000000,12000000,10000000,13000000,14000000,15000000,16000000,20000000,18000000,14000000,15000000,13100000,13700000,14100000,34000000,40000000,41000000,46000000,48000000
"Venezuela, RB",VEN,"International tourism, expenditures (current US$)",1852000000,2336000000,1168000000,1319000000,1483000000,1647000000,1718000000,1546000000,1311000000,1604000000,1843000000,1807000000,2292000000,2745000000,3019000000,2944000000,3994000000,4592000000,5417000000,4118000000,3249000000,2920000000,,
British Virgin Islands,VGB,"International tourism, expenditures (current US$)",40000000,,,,,,,,,,,,,,,,,,,,,,,
Virgin Islands (U.S.),VIR,"International tourism, expenditures (current US$)",,,,,,,,,,,,,,,,,,,,,,,,
Vietnam,VNM,"International tourism, expenditures (current US$)",,,,,,,,,,,900000000,1050000000,1220000000,1300000000,1100000000,1470000000,1710000000,1856000000,2050000000,2650000000,3595000000,4500000000,5040000000,5910000000
Vanuatu,VUT,"International tourism, expenditures (current US$)",10000000,10000000,10000000,8000000,9000000,9000000,8000000,11000000,14000000,15000000,13000000,11000000,13000000,32000000,28000000,34000000,39000000,43000000,46000000,41000000,34000000,28000000,19000000,21000000
World,WLD,"International tourism, expenditures (current US$)",4.63E+11,4.86E+11,4.85E+11,4.91E+11,5.10E+11,5.27E+11,5.17E+11,5.43E+11,6.01E+11,7.02E+11,7.63E+11,8.12E+11,9.39E+11,1.02E+12,9.12E+11,9.95E+11,1.11E+12,1.16E+12,1.24E+12,1.39E+12,1.34E+12,1.36E+12,1.47E+12,1.58E+12
Samoa,WSM,"International tourism, expenditures (current US$)",6800000,8900000,11700000,11300000,4300000,,,,,11900000,20300000,21200000,19800000,21600000,20000000,25200000,22200000,22300000,13900000,4100000,2900000,2100000,3900000,4200000
Kosovo,XKX,"International tourism, expenditures (current US$)",,,,,,,,,,,,,,,,,,,,,,,,
"Yemen, Rep.",YEM,"International tourism, expenditures (current US$)",76000000,78000000,124000000,160000000,164000000,127000000,136000000,135000000,134000000,183000000,224000000,225000000,247000000,246000000,277000000,252000000,258000000,148000000,161000000,158000000,79000000,56000000,,
South Africa,ZAF,"International tourism, expenditures (current US$)",2414000000,2322000000,2558000000,2500000000,2717000000,2684000000,2366000000,2251000000,3655000000,4237000000,4812000000,5230000000,6104000000,6905000000,6421000000,8139000000,8397000000,7145000000,6491000000,6314000000,5734000000,5354000000,6068000000,6348000000
Zambia,ZMB,"International tourism, expenditures (current US$)",,,83000000,81000000,100000000,102000000,102000000,109000000,115000000,86000000,87000000,92000000,120000000,164000000,143000000,167000000,223000000,303000000,357000000,378000000,400000000,423000000,410000000,478000000
Zimbabwe,ZWE,"International tourism, expenditures (current US$)",106000000,118000000,120000000,131000000,,,,,,,,,,,167000000,203000000,317000000,387000000,441000000,451000000,557000000,406000000,338000000,
